CHR	START	END	GENE	nSNP
1	59091	80008	gene0001	21
1	850260	889955	gene0002	148
1	869584	904689	gene0003	116
1	885967	911095	gene0004	96
1	891877	921245	gene0005	120
1	900579	927497	gene0006	110
1	924342	945552	gene0007	93
1	938803	959920	gene0008	69
1	945503	1001496	gene0009	181
1	996346	1019687	gene0010	68
1	1007198	1061741	gene0011	230
1	1099264	1143315	gene0012	225
1	1128888	1152071	gene0013	93
1	1136706	1159518	gene0014	108
1	1142288	1177411	gene0015	184
1	1157629	1180421	gene0016	132
1	1167826	1192102	gene0017	103
1	1179289	1219265	gene0018	152
1	1205816	1237409	gene0019	142
1	1217756	1254989	gene0020	135
1	1233947	1257057	gene0021	54
1	1236965	1270071	gene0022	90
1	1250136	1274277	gene0023	75
1	1256694	1280686	gene0024	86
1	1260656	1294730	gene0025	114
1	1278069	1307157	gene0026	139
1	1299110	1320875	gene0027	137
1	1311091	1344708	gene0028	110
1	1327288	1352693	gene0029	73
1	1343800	1367149	gene0030	98
1	1351508	1373167	gene0031	81
1	1360241	1388262	gene0032	90
1	1375069	1415538	gene0033	150
1	1397143	1443228	gene0034	189
1	1437531	1480067	gene0035	182
1	1460554	1485833	gene0036	120
1	1467053	1520249	gene0037	223
1	1523392	1545476	gene0038	72
1	1540795	1575990	gene0039	86
1	1557474	1580639	gene0040	38
1	1560603	1600473	gene0041	97
1	1582939	1634167	gene0042	139
1	1624169	1665766	gene0043	189
1	1672671	1721896	gene0044	113
1	1706729	1832495	gene0045	201
1	1836266	1858735	gene0046	79
1	1839029	1860712	gene0047	80
1	1843396	1945276	gene0048	474
1	1940780	1972192	gene0049	91
1	1971909	2126834	gene0050	494
1	2105903	2154159	gene0051	109
1	2150134	2251558	gene0052	316
1	2242692	2333146	gene0053	395
1	2313267	2346883	gene0054	101
1	2326236	2355236	gene0055	101
1	2347419	2446969	gene0056	407
1	2429972	2468039	gene0057	106
1	2450184	2471684	gene0058	67
1	2477078	2506821	gene0059	77
1	2507930	2532908	gene0060	102
1	2512078	2574481	gene0061	224
1	2557415	2728286	gene0062	484
1	2928046	2949465	gene0063	57
1	2975732	3365185	gene0064	1635
1	3360990	3407677	gene0065	170
1	3396484	3538059	gene0066	642
1	3531566	3556691	gene0067	89
1	3537331	3579325	gene0068	132
1	3559084	3662765	gene0069	408
1	3658962	3698209	gene0070	169
1	3679352	3702546	gene0071	127
1	3686784	3723068	gene0072	203
1	3718645	3783778	gene0073	428
1	3763845	3811993	gene0074	312
1	3795689	3826857	gene0075	145
1	4704792	4862594	gene0076	786
1	5912871	6062533	gene0077	493
1	6041526	6171253	gene0078	411
1	6151853	6250183	gene0079	362
1	6231329	6279449	gene0080	130
1	6255535	6291359	gene0081	89
1	6271253	6306032	gene0082	78
1	6294252	6315638	gene0083	43
1	6297406	6331035	gene0084	81
1	6314329	6464451	gene0085	520
1	6462478	6494730	gene0086	125
1	6474848	6531430	gene0087	179
1	6511211	6536255	gene0088	58
1	6516152	6590121	gene0089	208
1	6571407	6624595	gene0090	191
1	6605241	6649817	gene0091	119
1	6630061	6659340	gene0092	60
1	6640784	6684667	gene0093	80
1	6663745	6694093	gene0094	55
1	6674926	6705646	gene0095	75
1	6684228	6771984	gene0096	198
1	6835384	7839766	gene0097	3094
1	7821329	7851492	gene0098	91
1	7834380	7915237	gene0099	321
1	7893143	7923572	gene0100	129
1	7969907	8010926	gene0101	89
1	8004351	8055565	gene0102	101
1	8054464	8096368	gene0103	64
1	8367886	8414227	gene0104	144
1	8402457	8887702	gene0105	797
1	8911061	8949308	gene0106	69
1	8995926	9045151	gene0107	213
1	9053359	9096404	gene0108	168
1	9085166	9158537	gene0109	287
1	9150364	9199229	gene0110	143
1	9284834	9341396	gene0111	220
1	9342939	9439591	gene0112	430
1	9589541	9655237	gene0113	108
1	9638932	9684935	gene0114	70
1	9701790	9799172	gene0115	202
1	9779084	9894584	gene0116	191
1	9898334	9980394	gene0117	113
1	9972173	10013465	gene0118	90
1	9993486	10055559	gene0119	123
1	10047264	10086078	gene0120	79
1	10082890	10251297	gene0121	389
1	10260863	10451661	gene0122	638
1	10448649	10490201	gene0123	132
1	10480159	10522210	gene0124	137
1	10480159	10522210	gene0125	137
1	10499776	10521959	gene0126	45
1	10506579	10542583	gene0127	79
1	10522345	10700815	gene0128	461
1	10686661	10866707	gene0129	491
1	10996528	11052094	gene0130	230
1	11062414	11095796	gene0131	83
1	11076580	11117290	gene0132	94
1	11104641	11130081	gene0133	74
1	11116675	11169938	gene0134	166
1	11156592	11332564	gene0135	400
1	11239398	11266038	gene0136	52
1	11323263	11366106	gene0137	84
1	11529223	11607641	gene0138	206
1	11698424	11725842	gene0139	86
1	11704432	11733384	gene0140	93
1	11714181	11744411	gene0141	109
1	11724537	11761707	gene0142	134
1	11741786	11795914	gene0143	178
1	11786141	11824859	gene0144	125
1	11811844	11859642	gene0145	231
1	11835780	11876977	gene0146	227
1	11856207	11913201	gene0147	299
1	11895766	11918402	gene0148	100
1	11907521	11928988	gene0149	75
1	11969648	11996485	gene0150	106
1	11984262	12045595	gene0151	166
1	12030238	12083571	gene0152	148
1	12069523	12102102	gene0153	72
1	12113434	12214264	gene0154	272
1	12217060	12279285	gene0155	205
1	12280124	12582099	gene0156	532
1	12617939	12687737	gene0157	276
1	12694566	12737097	gene0158	120
1	12766118	12798726	gene0159	113
1	12796163	12833847	gene0160	140
1	12824984	12848049	gene0161	67
1	12841546	12866777	gene0162	154
1	12897261	12918578	gene0163	195
1	12906941	12931764	gene0164	198
1	12929045	12956025	gene0165	130
1	12942727	12968101	gene0166	76
1	12966450	12990569	gene0167	18
1	12988181	13127751	gene0168	149
1	13042394	13062998	gene0169	35
1	13098842	13122679	gene0170	11
1	13130456	13155000	gene0171	37
1	13172960	13194326	gene0172	124
1	13206356	13229581	gene0173	9
1	13376646	13400765	gene0174	45
1	13401551	13424482	gene0175	5
1	13411176	13438191	gene0176	7
1	13658269	13683511	gene0177	6
1	13684889	13708405	gene0178	29
1	13706092	13729089	gene0179	21
1	13726907	13757803	gene0180	11
1	13791445	13850543	gene0181	282
1	13899960	13954452	gene0182	204
1	14016693	14161574	gene0183	448
1	14915200	15454539	gene0184	2094
1	15469028	15556976	gene0185	490
1	15563768	15736779	gene0186	598
1	15726391	15766839	gene0187	131
1	15754935	15785737	gene0188	86
1	15773223	15808586	gene0189	115
1	15782404	15827895	gene0190	165
1	15807327	15863029	gene0191	198
1	15843308	15928874	gene0192	331
1	15888848	15921605	gene0193	159
1	15933995	16005539	gene0194	172
1	15976364	15998217	gene0195	43
1	16000827	16071264	gene0196	201
1	16052900	16077891	gene0197	53
1	16058917	16084477	gene0198	58
1	16073102	16123089	gene0199	130
1	16123679	16144194	gene0200	103
1	16164359	16276955	gene0201	197
1	16258364	16312627	gene0202	102
1	16320731	16345302	gene0203	162
1	16330523	16356089	gene0204	139
1	16335370	16370545	gene0205	254
1	16360272	16393803	gene0206	314
1	16374264	16410127	gene0207	231
1	16440832	16492582	gene0208	105
1	16514349	16549104	gene0209	131
1	16548195	16573657	gene0210	53
1	16563334	16688949	gene0211	294
1	16669070	16734640	gene0212	160
1	16703612	16773919	gene0213	185
1	16757167	16796573	gene0214	110
1	16878814	16950057	gene0215	304
1	17056768	17309474	gene0216	628
1	17290997	17317330	gene0217	76
1	17302453	17348423	gene0218	113
1	17335217	17390665	gene0219	185
1	17383256	17455948	gene0220	331
1	17521621	17582500	gene0221	282
1	17565593	17620728	gene0222	250
1	17624690	17700499	gene0223	481
1	17723256	17776220	gene0224	155
1	17856330	18034369	gene0225	482
1	18071808	18163558	gene0226	254
1	18424240	18714977	gene0227	1120
1	18797424	18822478	gene0228	120
1	18947500	19085360	gene0229	456
1	19156093	19196176	gene0230	241
1	19187926	19239275	gene0231	237
1	19220775	19293180	gene0232	261
1	19391000	19546770	gene0233	371
1	19532158	19588046	gene0234	206
1	19568033	19596622	gene0235	149
1	19582476	19610688	gene0236	184
1	19599052	19625744	gene0237	118
1	19620459	19648640	gene0238	97
1	19628820	19665794	gene0239	155
1	19655267	19822066	gene0240	619
1	19913473	19994549	gene0241	234
1	19913477	19966314	gene0242	136
1	19957048	19994945	gene0243	134
1	19981780	20016055	gene0244	98
1	19998706	20136438	gene0245	431
1	20130523	20151771	gene0246	96
1	20199006	20249438	gene0247	136
1	20236502	20260110	gene0248	82
1	20291925	20316932	gene0249	90
1	20344672	20427683	gene0250	276
1	20428432	20456050	gene0251	87
1	20455819	20486879	gene0252	75
1	20477746	20513917	gene0253	88
1	20502578	20532541	gene0254	68
1	20607412	20691387	gene0255	319
1	20798884	20822713	gene0256	41
1	20815943	20844654	gene0257	69
1	20868932	20891512	gene0258	91
1	20905441	20955401	gene0259	266
1	20949948	20988004	gene0260	148
1	20968270	20998000	gene0261	112
1	20980507	21054510	gene0262	281
1	21036225	21069330	gene0263	110
1	21059154	21123816	gene0264	145
1	21122963	21513377	gene0265	791
1	21533740	21681997	gene0266	429
1	21756621	21821498	gene0267	275
1	21825858	21914905	gene0268	395
1	21912708	22005801	gene0269	374
1	21994791	22120099	gene0270	422
1	22128758	22161714	gene0271	123
1	22138738	22273790	gene0272	413
1	22293514	22335135	gene0273	425
1	22318149	22349032	gene0274	227
1	22369120	22429437	gene0275	160
1	22433798	22480462	gene0276	153
1	22768344	22867650	gene0277	165
1	22880057	22940087	gene0278	237
1	22952999	22976101	gene0279	81
1	22960123	22984603	gene0280	98
1	22969255	22998031	gene0281	95
1	23027332	23251818	gene0282	506
1	23269536	23301831	gene0283	99
1	23327327	23352343	gene0284	36
1	23335941	23420182	gene0285	117
1	23400516	23514301	gene0286	245
1	23506993	23531222	gene0287	93
1	23620264	23680829	gene0288	61
1	23675941	23705935	gene0289	67
1	23697554	23761233	gene0290	169
1	23745056	23821061	gene0291	204
1	23822922	23867712	gene0292	119
1	23874409	23896285	gene0293	55
1	24008269	24032915	gene0294	49
1	24059645	24098549	gene0295	42
1	24094895	24124722	gene0296	23
1	24107460	24132029	gene0297	17
1	24112089	24137271	gene0298	19
1	24118375	24175110	gene0299	77
1	24161567	24204784	gene0300	139
1	24187016	24295549	gene0301	285
1	24275599	24299952	gene0302	11
1	24281294	24317417	gene0303	18
1	24372525	24448665	gene0304	295
1	24436261	24479611	gene0305	144
1	24470647	24524449	gene0306	213
1	24635812	24700972	gene0307	165
1	24673489	24753424	gene0308	213
1	24732284	24809466	gene0309	220
1	24819387	24877530	gene0310	186
1	24872602	24945819	gene0311	326
1	24948207	25009758	gene0312	77
1	25061848	25180815	gene0313	143
1	25216002	25301612	gene0314	244
1	25539170	25568993	gene0315	20
1	25558728	25674704	gene0316	131
1	25588884	25666936	gene0317	95
1	25654408	25698852	gene0318	43
1	25678740	25766683	gene0319	140
1	25747388	25836700	gene0320	142
1	25860071	25905377	gene0321	116
1	25933959	26122698	gene0322	319
1	26116667	26154713	gene0323	101
1	26135131	26169432	gene0324	83
1	26148414	26195903	gene0325	102
1	26177701	26207744	gene0326	42
1	26200672	26243482	gene0327	65
1	26276258	26334648	gene0328	138
1	26336375	26372955	gene0329	64
1	26353743	26382624	gene0330	60
1	26367795	26404927	gene0331	97
1	26427664	26462034	gene0332	88
1	26475511	26499119	gene0333	69
1	26486362	26508551	gene0334	72
1	26486438	26508312	gene0335	70
1	26493894	26526377	gene0336	103
1	26507052	26539459	gene0337	102
1	26550691	26615299	gene0338	213
1	26595667	26618007	gene0339	77
1	26597819	26654854	gene0340	189
1	26634448	26657014	gene0341	86
1	26638350	26690621	gene0342	196
1	26678125	26711013	gene0343	142
1	26727269	26766213	gene0344	84
1	26748773	26807785	gene0345	103
1	26788941	26812463	gene0346	53
1	26846252	26911521	gene0347	147
1	27012524	27118595	gene0348	148
1	27103963	27134889	gene0349	31
1	27143201	27194093	gene0350	75
1	27179633	27200947	gene0351	39
1	27192624	27226788	gene0352	58
1	27206979	27236957	gene0353	47
1	27216729	27283353	gene0354	99
1	27227980	27250457	gene0355	46
1	27266053	27296897	gene0356	37
1	27310198	27337389	gene0357	32
1	27321511	27349327	gene0358	22
1	27415306	27503472	gene0359	123
1	27551007	27645110	gene0360	155
1	27638651	27672891	gene0361	71
1	27658513	27690421	gene0362	91
1	27671675	27703383	gene0363	73
1	27685603	27711315	gene0364	43
1	27695666	27719870	gene0365	30
1	27709148	27732318	gene0366	29
1	27720730	27826669	gene0367	170
1	27850546	27940942	gene0368	97
1	27928575	27971788	gene0369	83
1	27982572	28008729	gene0370	52
1	28042490	28099633	gene0371	97
1	28089694	28160963	gene0372	83
1	28147289	28188187	gene0373	49
1	28189055	28223196	gene0374	98
1	28208035	28251257	gene0375	130
1	28251504	28295668	gene0376	147
1	28275973	28304607	gene0377	57
1	28286855	28425207	gene0378	273
1	28463677	28530447	gene0379	92
1	28515967	28569536	gene0380	159
1	28552620	28583417	gene0381	109
1	28576038	28619002	gene0382	107
1	28645513	28672476	gene0383	44
1	28686114	28836881	gene0384	511
1	28822455	28875812	gene0385	145
1	28869597	28915051	gene0386	80
1	28905835	28979597	gene0387	103
1	28908712	28931955	gene0388	31
1	28985244	29055865	gene0389	112
1	29053133	29106287	gene0390	89
1	29128654	29200208	gene0391	218
1	29203603	29456553	gene0392	520
1	29435940	29460447	gene0393	63
1	29464255	29518499	gene0394	125
1	29509385	29567454	gene0395	161
1	29553028	29663325	gene0396	297
1	31174124	31206434	gene0397	137
1	31195316	31240667	gene0398	127
1	31332314	31391608	gene0399	173
1	31394353	31548838	gene0400	307
1	31642592	31722401	gene0401	294
1	31722417	31779662	gene0402	163
1	31759842	31847783	gene0403	222
1	31828472	31859697	gene0404	85
1	31872412	31917525	gene0405	171
1	32032116	32063288	gene0406	72
1	32073287	32108119	gene0407	69
1	32085463	32120497	gene0408	63
1	32107848	32179920	gene0409	154
1	32182718	32240494	gene0410	52
1	32246023	32291652	gene0411	87
1	32362022	32420457	gene0412	88
1	32469430	32536451	gene0413	45
1	32527632	32578467	gene0414	66
1	32563639	32652169	gene0415	115
1	32635287	32673886	gene0416	55
1	32655987	32680988	gene0417	33
1	32661236	32684288	gene0418	31
1	32664695	32691797	gene0419	40
1	32670073	32697972	gene0420	40
1	32677529	32707205	gene0421	46
1	32702834	32724457	gene0422	42
1	32706840	32761766	gene0423	68
1	32747687	32809236	gene0424	42
1	32789433	32811980	gene0425	12
1	32807122	32839913	gene0426	19
1	32816871	32839879	gene0427	12
1	32820704	32870332	gene0428	29
1	32920670	32972287	gene0429	80
1	32995028	33081540	gene0430	207
1	33055773	33126504	gene0431	178
1	33106743	33161812	gene0432	151
1	33135507	33179197	gene0433	106
1	33197486	33250571	gene0434	90
1	33230840	33293754	gene0435	110
1	33272368	33334476	gene0436	92
1	33317869	33348083	gene0437	44
1	33341595	33374042	gene0438	50
1	33350195	33377039	gene0439	41
1	33392046	33440286	gene0440	92
1	33463585	33556597	gene0441	177
1	33536705	33596131	gene0442	107
1	33601003	33657660	gene0443	119
1	33712146	33776320	gene0444	126
1	33762367	33796699	gene0445	100
1	33779224	33906653	gene0446	394
1	33928246	33972107	gene0447	94
1	33969609	34641443	gene0448	1966
1	34316076	34340392	gene0449	50
1	34622484	34694732	gene0450	235
1	35168338	35335417	gene0451	645
1	35210648	35234113	gene0452	95
1	35215342	35239325	gene0453	95
1	35236790	35261970	gene0454	93
1	35248599	35271348	gene0455	104
1	35321037	35405186	gene0456	132
1	35437136	35460954	gene0457	41
1	35439523	35507569	gene0458	112
1	35515387	35591460	gene0459	116
1	35631979	35668749	gene0460	85
1	35724568	35897659	gene0461	256
1	35889091	36033551	gene0462	178
1	36013074	36042875	gene0463	34
1	36028971	36070929	gene0464	52
1	36057185	36117445	gene0465	56
1	36169476	36195073	gene0466	35
1	36175819	36245568	gene0467	93
1	36263773	36333491	gene0468	96
1	36325409	36405211	gene0469	101
1	36386319	36548101	gene0470	176
1	36539676	36563876	gene0471	27
1	36544476	36569533	gene0472	38
1	36550837	36600821	gene0473	87
1	36592173	36625098	gene0474	51
1	36611180	36656450	gene0475	76
1	36680017	36780958	gene0476	140
1	36761988	36800484	gene0477	56
1	36777632	36799755	gene0478	33
1	36795225	36861497	gene0479	110
1	36846839	36873493	gene0480	107
1	36871428	36926086	gene0481	261
1	36911319	36940038	gene0482	108
1	36921644	36958879	gene0483	112
1	37251128	37509730	gene0484	606
1	37930153	37959980	gene0485	71
1	37948176	37990375	gene0486	131
1	37990050	38029903	gene0487	85
1	38012520	38042458	gene0488	79
1	38022417	38071536	gene0489	118
1	38066951	38110595	gene0490	114
1	38137242	38167914	gene0491	87
1	38148090	38185391	gene0492	121
1	38169552	38240805	gene0493	282
1	38249474	38276809	gene0494	56
1	38258616	38283857	gene0495	35
1	38262651	38285126	gene0496	36
1	38265239	38335292	gene0497	132
1	38316369	38422729	gene0498	260
1	38412647	38466593	gene0499	135
1	38452442	38481278	gene0500	68
1	38464930	38500496	gene0501	71
1	38499523	38522450	gene0502	53
1	39293870	39335495	gene0503	102
1	39318636	39357289	gene0504	109
1	39320175	39357289	gene0505	101
1	39341479	39417471	gene0506	277
1	39446895	39481731	gene0507	125
1	39481990	39510308	gene0508	128
1	39536988	39962849	gene0509	884
1	39947318	40001607	gene0510	151
1	40016488	40052462	gene0511	100
1	40079825	40115617	gene0512	99
1	40114793	40147710	gene0513	86
1	40134320	40167361	gene0514	147
1	40147854	40239586	gene0515	288
1	40212854	40264533	gene0516	242
1	40225195	40247020	gene0517	70
1	40296723	40359183	gene0518	176
1	40351098	40377928	gene0519	73
1	40410802	40445638	gene0520	82
1	40495905	40548321	gene0521	172
1	40528379	40573375	gene0522	151
1	40617045	40716593	gene0523	122
1	40701619	40727363	gene0524	33
1	40713779	40769856	gene0525	88
1	40756159	40793488	gene0526	126
1	40800522	40898998	gene0527	253
1	40905774	40939390	gene0528	136
1	40932887	40972015	gene0529	121
1	40964413	40992228	gene0530	96
1	40987233	41023841	gene0531	158
1	41076351	41141329	gene0532	162
1	41147320	41247275	gene0533	260
1	41239684	41316124	gene0534	246
1	41316729	41338018	gene0535	116
1	41435007	41488235	gene0536	146
1	41471269	41498909	gene0537	73
1	41482872	41717826	gene0538	596
1	41817594	41859262	gene0539	127
1	41934446	41960344	gene0540	100
1	41962036	42511596	gene0541	1450
1	42609092	42631495	gene0542	54
1	42618362	42640389	gene0543	60
1	42632210	42811548	gene0544	348
1	42836466	42898249	gene0545	195
1	42886000	42931938	gene0546	136
1	42911788	42949056	gene0547	91
1	42919001	43130335	gene0548	629
1	43114096	43152429	gene0549	70
1	43138098	43178020	gene0550	81
1	43188764	43215925	gene0551	66
1	43202006	43242755	gene0552	88
1	43222940	43273968	gene0553	100
1	43262723	43292954	gene0554	71
1	43272795	43320660	gene0555	86
1	43302280	43328148	gene0556	48
1	43381052	43434530	gene0557	202
1	43600824	43632067	gene0558	129
1	43619846	43746607	gene0559	449
1	43627820	43730029	gene0560	376
1	43725665	43749673	gene0561	59
1	43737554	43761288	gene0562	54
1	43756664	43798779	gene0563	59
1	43793478	43828443	gene0564	37
1	43814626	43838874	gene0565	29
1	43819068	43843696	gene0566	37
1	43839588	43865479	gene0567	48
1	43845553	43928321	gene0568	127
1	43906824	43929660	gene0569	36
1	43980858	44099343	gene0570	289
1	44105829	44181186	gene0571	130
1	44161495	44406831	gene0572	565
1	44388992	44412913	gene0573	58
1	44402611	44443694	gene0574	69
1	44425672	44449041	gene0575	35
1	44430159	44453967	gene0576	35
1	44434615	44466840	gene0577	56
1	44447031	44472200	gene0578	51
1	44447172	44507139	gene0579	139
1	44574522	44610812	gene0580	111
1	44669127	44696353	gene0581	31
1	44676742	44830932	gene0582	211
1	44860866	45127396	gene0583	730
1	45090910	45150227	gene0584	159
1	45130364	45201263	gene0585	166
1	45195490	45243439	gene0586	113
1	45230923	45254451	gene0587	39
1	45239257	45263377	gene0588	42
1	45255897	45281662	gene0589	50
1	45261585	45282957	gene0590	43
1	45264154	45291257	gene0591	58
1	45275516	45318735	gene0592	96
1	45306450	45462282	gene0593	420
1	45458212	45487001	gene0594	70
1	45467819	45491247	gene0595	48
1	45472071	45781881	gene0596	632
1	45782545	45804347	gene0597	25
1	45784835	45816142	gene0598	43
1	45795342	45819647	gene0599	40
1	45799555	45966872	gene0600	272
1	45955725	45986739	gene0601	71
1	45966708	45998719	gene0602	80
1	46006215	46045721	gene0603	82
1	46039518	46094566	gene0604	98
1	46075716	46099729	gene0605	66
1	46082976	46163785	gene0606	180
1	46142886	46170115	gene0607	53
1	46149996	46226322	gene0608	166
1	46242659	46511796	gene0609	566
1	46495812	46652160	gene0610	267
1	46630745	46661630	gene0611	46
1	46631158	46652150	gene0612	27
1	46644354	46695977	gene0613	66
1	46659006	46696933	gene0614	45
1	46703360	46754145	gene0615	49
1	46716868	46779280	gene0616	73
1	46759303	46792448	gene0617	54
1	46795849	46840824	gene0618	247
1	46849937	46889520	gene0619	99
1	46962668	46989898	gene0620	89
1	47001316	47027199	gene0621	69
1	47013090	47092515	gene0622	157
1	47063387	47092563	gene0623	62
1	47088409	47149539	gene0624	181
1	47114366	47194824	gene0625	217
1	47124527	47149266	gene0626	68
1	47213510	47295085	gene0627	236
1	47384849	47417156	gene0628	105
1	47417036	47526423	gene0629	257
1	47523160	47593991	gene0630	269
1	47593107	47625413	gene0631	145
1	47639265	47666716	gene0632	58
1	47671962	47707892	gene0633	97
1	47705811	47789819	gene0634	236
1	47789469	47854511	gene0635	179
1	47871744	47893723	gene0636	48
1	47891689	47916363	gene0637	53
1	48216200	48472567	gene0638	663
1	48678357	48724316	gene0639	113
1	48751044	48947845	gene0640	371
1	48988527	50499585	gene0641	2478
1	49183195	49252641	gene0642	123
1	50503686	50679458	gene0643	255
1	50873222	50899172	gene0644	53
1	50895150	51435935	gene0645	781
1	51416417	51450305	gene0646	42
1	51557906	51623752	gene0647	103
1	51691943	51749127	gene0648	79
1	51742930	51820788	gene0649	148
1	51809935	51995000	gene0650	591
1	52032851	52264889	gene0651	405
1	52244863	52354477	gene0652	222
1	52363628	52466436	gene0653	234
1	52475803	52531843	gene0654	94
1	52487775	52509488	gene0655	40
1	52511797	52566388	gene0656	84
1	52598046	52822358	gene0657	288
1	52801395	52841865	gene0658	41
1	52828501	52880131	gene0659	52
1	52860236	52896511	gene0660	34
1	52863954	53029159	gene0661	254
1	53058044	53084723	gene0662	73
1	53089016	53145355	gene0663	161
1	53142508	53174038	gene0664	89
1	53182126	53303014	gene0665	380
1	53298183	53370670	gene0666	190
1	53351656	53402884	gene0667	62
1	53382901	53527375	gene0668	534
1	53517854	53561174	gene0669	197
1	53542855	53618289	gene0670	390
1	53652101	53689869	gene0671	60
1	53669771	53696289	gene0672	45
1	53682564	53714282	gene0673	47
1	53701217	53803742	gene0674	220
1	53915072	53943161	gene0675	76
1	53961910	54209877	gene0676	707
1	54221133	54314533	gene0677	181
1	54307392	54366407	gene0678	222
1	54346912	54386759	gene0679	150
1	54372247	54421602	gene0680	99
1	54401750	54443841	gene0681	71
1	54464412	54493856	gene0682	115
1	54487347	54529177	gene0683	106
1	54509260	54588192	gene0684	180
1	54588747	54629443	gene0685	172
1	54628009	54675709	gene0686	105
1	54639714	54701137	gene0687	141
1	54681105	54889152	gene0688	609
1	54997930	55114865	gene0689	480
1	55064855	55099229	gene0690	138
1	55097459	55217981	gene0691	516
1	55097463	55185939	gene0692	341
1	55171495	55218330	gene0693	237
1	55212571	55240187	gene0694	97
1	55235385	55276940	gene0695	129
1	55261736	55317925	gene0696	260
1	55305306	55362891	gene0697	240
1	55436465	55467966	gene0698	116
1	55454606	55486556	gene0699	123
1	55495221	55540525	gene0700	178
1	55522032	55690786	gene0701	320
1	56950419	57120974	gene0702	623
1	57100995	57191008	gene0703	329
1	57174477	57295369	gene0704	454
1	57310479	57393894	gene0705	314
1	57384883	57441813	gene0706	226
1	57450451	59022406	gene0707	5008
1	58871056	59022474	gene0708	611
1	59031099	59053166	gene0709	105
1	59110411	59175764	gene0710	261
1	59236465	59259785	gene0711	45
1	59752310	60243347	gene0712	1315
1	60270458	60352050	gene0713	174
1	60348980	60402462	gene0714	121
1	60442941	60549442	gene0715	250
1	61320931	61938465	gene0716	1603
1	62136718	62201095	gene0717	159
1	62198149	62639592	gene0718	1481
1	62650503	62688000	gene0719	284
1	62692651	62795085	gene0720	428
1	62891968	62927475	gene0721	77
1	62910399	63163969	gene0722	358
1	63053158	63081830	gene0723	19
1	63239806	63341184	gene0724	220
1	63778730	63800797	gene0725	63
1	63823261	63914233	gene0726	204
1	63896441	64069392	gene0727	432
1	63979043	64048364	gene0728	165
1	64048947	64135916	gene0729	267
1	64229693	64657181	gene0730	1099
1	64659310	64743051	gene0731	254
1	64926428	65168741	gene0732	558
1	65200778	65308915	gene0733	226
1	65288912	65442187	gene0734	420
1	65603232	65707828	gene0735	266
1	65703902	65891552	gene0736	532
1	65876248	66117242	gene0737	721
1	65876270	65911690	gene0738	91
1	66248197	66850259	gene0739	1625
1	66989066	67223982	gene0740	847
1	67208142	67254470	gene0741	145
1	67253424	67276939	gene0742	83
1	67268568	67400570	gene0743	295
1	67380578	67464302	gene0744	189
1	67455015	67529782	gene0745	234
1	67547848	67707536	gene0746	534
1	67622083	67735662	gene0747	328
1	67763047	67872583	gene0748	322
1	67863493	67906098	gene0749	57
1	68140744	68164021	gene0750	76
1	68157149	68309150	gene0751	372
1	68501645	68527314	gene0752	52
1	68554142	68708803	gene0753	631
1	68884505	68925642	gene0754	124
1	68929835	68972904	gene0755	132
1	70024081	70627628	gene0756	1772
1	70600488	70681303	gene0757	119
1	70661365	70728735	gene0758	89
1	70716271	70830417	gene0759	194
1	70866901	70915534	gene0760	131
1	71308036	71523491	gene0761	683
1	71518974	71556980	gene0762	81
1	71851623	72758417	gene0763	1960
1	74481699	74673871	gene0764	377
1	74653896	74709770	gene0765	138
1	74653919	75019666	gene0766	789
1	74653947	75020112	gene0767	790
1	74925562	74988298	gene0768	123
1	75023795	75149422	gene0769	223
1	75161170	75209092	gene0770	151
1	75188836	75242362	gene0771	188
1	75584119	75637218	gene0772	101
1	75657816	76086801	gene0773	1141
1	76180036	76263260	gene0774	299
1	76241879	76270764	gene0775	89
1	76252567	76388923	gene0776	530
1	76374558	76408116	gene0777	135
1	76530404	77110286	gene0778	1830
1	77323126	77541396	gene0779	602
1	77544675	77695115	gene0780	423
1	77737736	78035651	gene0781	1087
1	78018101	78159104	gene0782	251
1	78151672	78235537	gene0783	134
1	78235309	78354106	gene0784	232
1	78344198	78419580	gene0785	156
1	78399740	78454794	gene0786	129
1	78434859	78493648	gene0787	153
1	78435226	78614133	gene0788	496
1	78759568	79015434	gene0789	719
1	79075607	79121830	gene0790	87
1	79105481	79139763	gene0791	80
1	79345449	79482403	gene0792	596
1	81761845	82468120	gene0793	2448
1	84320711	84474833	gene0794	443
1	84533745	84714181	gene0795	296
1	84754049	84865640	gene0796	269
1	84854215	84890701	gene0797	147
1	84934942	84973473	gene0798	170
1	84954008	84982248	gene0799	113
1	84961974	85041877	gene0800	254
1	85005289	85050163	gene0801	121
1	85099390	85166486	gene0802	166
1	85267285	85368896	gene0803	391
1	85381268	85472796	gene0804	339
1	85454830	85608821	gene0805	491
1	85473765	85524182	gene0806	112
1	85612556	85676729	gene0807	196
1	85705639	85735355	gene0808	94
1	85721931	85752773	gene0809	118
1	85774164	86053933	gene0810	923
1	86036444	86059645	gene0811	57
1	86105106	86184116	gene0812	230
1	86184916	86632626	gene0813	1713
1	86804344	86872023	gene0814	178
1	86879769	86932241	gene0815	249
1	86924051	86975972	gene0816	172
1	87002761	87056437	gene0817	139
1	87160259	87223867	gene0818	163
1	87318132	87390107	gene0819	221
1	87370331	87612334	gene0820	608
1	87784151	87824606	gene0821	114
1	89139905	89311938	gene0822	425
1	89308615	89367627	gene0823	177
1	89391456	89468636	gene0824	146
1	89435139	89468643	gene0825	71
1	89462349	89498577	gene0826	93
1	89508002	89541043	gene0827	102
1	89561815	89626139	gene0828	183
1	89587434	89651723	gene0829	139
1	89636831	89674615	gene0830	81
1	89714633	89748544	gene0831	53
1	89819617	89862020	gene0832	130
1	89980395	90073423	gene0833	245
1	90088631	90245462	gene0834	310
1	90276573	90412170	gene0835	209
1	90450671	90511090	gene0836	107
1	91167096	91192794	gene0837	51
1	91370859	91497829	gene0838	219
1	91716323	91880426	gene0839	405
1	91956408	92001321	gene0840	122
1	92135902	92381892	gene0841	813
1	92404928	92489983	gene0842	268
1	92485539	92539093	gene0843	139
1	92530090	92550968	gene0844	25
1	92535862	92623393	gene0845	171
1	92673497	92721370	gene0846	69
1	92701959	92774544	gene0847	84
1	92754522	92877613	gene0848	150
1	92930319	92962433	gene0849	54
1	92964253	93267961	gene0850	719
1	93287582	93317481	gene0851	55
1	93297724	93437057	gene0852	227
1	93534792	93614638	gene0853	133
1	93605299	93656285	gene0854	103
1	93635476	93754287	gene0855	275
1	93801445	93845055	gene0856	93
1	93903688	94030218	gene0857	154
1	94017347	94322706	gene0858	1006
1	94323373	94355474	gene0859	135
1	94340761	94384966	gene0860	150
1	94448393	94596688	gene0861	551
1	94604544	94750624	gene0862	259
1	94873933	94994222	gene0863	153
1	94984781	95017356	gene0864	38
1	95275898	95370802	gene0865	385
1	95352507	95402834	gene0866	180
1	95429963	95548501	gene0867	355
1	95572894	95673163	gene0868	310
1	95573479	95722781	gene0869	470
1	95689711	95722781	gene0870	107
1	97177221	97299294	gene0871	259
1	97533299	98396605	gene0872	2261
1	99117236	99236056	gene0873	393
1	99345806	99480588	gene0874	521
1	99719509	99785146	gene0875	195
1	100101499	100170097	gene0876	196
1	100164259	100242187	gene0877	280
1	100305640	100399579	gene0878	333
1	100425345	100502535	gene0879	256
1	100493653	100558933	gene0880	182
1	100539119	100608511	gene0881	176
1	100588706	100626053	gene0882	83
1	100604409	100653771	gene0883	102
1	100642475	100725390	gene0884	188
1	100721763	100768325	gene0885	122
1	100800584	100995833	gene0886	318
1	100993693	101017574	gene0887	63
1	101175298	101214601	gene0888	81
1	101327943	101371554	gene0889	47
1	101351632	101457309	gene0890	154
1	101445179	101501644	gene0891	69
1	101692444	101717074	gene0892	53
1	102258130	102472586	gene0893	752
1	103332023	103584052	gene0894	1115
1	104058313	104107861	gene0895	74
1	104086437	104132156	gene0896	57
1	104149999	104178402	gene0897	18
1	104187912	104217173	gene0898	8
1	104220037	104249302	gene0899	4
1	104283028	104311312	gene0900	22
1	107589267	107611916	gene0901	29
1	107672629	108036080	gene0902	867
1	108103782	108517766	gene0903	1370
1	108666658	108753471	gene0904	304
1	108755963	108796689	gene0905	50
1	108908421	109023624	gene0906	110
1	109092711	109197522	gene0907	195
1	109180912	109214148	gene0908	70
1	109224945	109254425	gene0909	18
1	109245279	109295365	gene0910	116
1	109279296	109362148	gene0911	264
1	109348520	109516106	gene0912	581
1	109407972	109487167	gene0913	211
1	109462130	109516111	gene0914	194
1	109502836	109594850	gene0915	266
1	109595108	109628624	gene0916	117
1	109622425	109649556	gene0917	97
1	109638573	109666479	gene0918	110
1	109646301	109759401	gene0919	406
1	109746540	109790791	gene0920	93
1	109782641	109828372	gene0921	131
1	109812178	109835808	gene0922	81
1	109824987	109859663	gene0923	82
1	109842192	109950573	gene0924	162
1	109931653	109979062	gene0925	78
1	109999180	110034759	gene0926	86
1	110016101	110045426	gene0927	44
1	110026674	110055554	gene0928	58
1	110036797	110062360	gene0929	67
1	110072494	110101028	gene0930	42
1	110081233	110146975	gene0931	98
1	110135889	110165679	gene0932	60
1	110148726	110184673	gene0933	83
1	110188703	110218118	gene0934	86
1	110200644	110262171	gene0935	245
1	110220436	110261661	gene0936	188
1	110244864	110328050	gene0937	277
1	110266554	110294384	gene0938	65
1	110282702	110316649	gene0939	88
1	110442864	110483614	gene0940	109
1	110517308	110576357	gene0941	62
1	110564199	110627263	gene0942	86
1	110592616	110623322	gene0943	55
1	110645062	110666569	gene0944	89
1	110683108	110754824	gene0945	160
1	110743965	110835722	gene0946	301
1	110871128	110899299	gene0947	58
1	110895470	110943704	gene0948	104
1	110933871	110960564	gene0949	66
1	110983822	111009976	gene0950	85
1	111049839	111071797	gene0951	72
1	111126202	111184096	gene0952	159
1	111204310	111227655	gene0953	53
1	111405775	111452550	gene0954	158
1	111479807	111516701	gene0955	75
1	111649955	111692838	gene0956	97
1	111672249	111737724	gene0957	120
1	111719796	111757157	gene0958	93
1	111733393	111796062	gene0959	240
1	111823484	111873188	gene0960	342
1	111878910	111905635	gene0961	153
1	111946936	111980399	gene0962	110
1	111972512	112001998	gene0963	67
1	111981486	112015395	gene0964	74
1	112006414	112031134	gene0965	66
1	112015970	112116584	gene0966	316
1	112074840	112269313	gene0967	615
1	112213252	112308446	gene0968	343
1	112287867	112320638	gene0969	117
1	112303284	112541777	gene0970	741
1	112928803	113016078	gene0971	200
1	112999163	113082787	gene0972	189
1	113056140	113173447	gene0973	219
1	113151795	113224241	gene0974	110
1	113205763	113253368	gene0975	88
1	113233728	113260056	gene0976	61
1	113242616	113268099	gene0977	53
1	113253041	113279857	gene0978	46
1	113444469	113509635	gene0979	93
1	113605831	113684882	gene0980	124
1	113923371	114238545	gene0981	663
1	114229453	114312111	gene0982	140
1	114294454	114365098	gene0983	104
1	114346433	114424381	gene0984	145
1	114410790	114440169	gene0985	57
1	114427370	114457823	gene0986	59
1	114437763	114466708	gene0987	60
1	114461814	114530426	gene0988	150
1	114512063	114534876	gene0989	73
1	114621913	114706541	gene0990	341
1	114925399	115063781	gene0991	341
1	115100178	115134260	gene0992	78
1	115115469	115223043	gene0993	254
1	115205719	115248239	gene0994	106
1	115237090	115269515	gene0995	42
1	115249534	115311297	gene0996	120
1	115302100	115333306	gene0997	40
1	115387424	115547991	gene0998	368
1	115562415	115586941	gene0999	94
1	115580632	115642121	gene1000	244
1	115818539	115890857	gene1001	253
1	116174574	116250845	gene1002	271
1	116232628	116321402	gene1003	395
1	116368998	116396538	gene1004	110
1	116509119	116622675	gene1005	274
1	116644376	116687861	gene1006	122
1	116905290	116962883	gene1007	103
1	117047157	117123661	gene1008	96
1	117107031	117220375	gene1009	158
1	117287007	117321850	gene1010	61
1	117442679	117542980	gene1011	277
1	117534382	117589167	gene1012	156
1	117592925	117660075	gene1013	193
1	117643682	117675209	gene1014	85
1	117676209	117763556	gene1015	277
1	117900071	118081494	gene1016	505
1	118138556	118180994	gene1017	134
1	118396107	118482253	gene1018	217
1	118462343	118519165	gene1019	132
1	118486484	118737846	gene1020	494
1	119415669	119542179	gene1021	330
1	119563839	119693294	gene1022	374
1	119901402	119946753	gene1023	132
1	119947554	119975658	gene1024	81
1	120039821	120067681	gene1025	54
1	120152045	120200396	gene1026	145
1	120192421	120296838	gene1027	248
1	120280619	120321528	gene1028	98
1	120326641	120364283	gene1029	120
1	120426156	120449118	gene1030	44
1	120444176	120622240	gene1031	207
1	120827756	120865681	gene1032	26
1	121097124	121139949	gene1033	30
1	143757144	143777881	gene1034	28
1	143886452	143923143	gene1035	3
1	143903615	144104424	gene1036	86
1	144136808	144234481	gene1037	12
1	144826157	145086186	gene1038	510
1	145129025	145149569	gene1039	19
1	145403095	145427545	gene1040	32
1	145446236	145480388	gene1041	28
1	145506252	145533730	gene1042	23
1	145514891	145553868	gene1043	42
1	145539230	145578526	gene1044	80
1	145565233	145596546	gene1045	48
1	145576115	145599439	gene1046	28
1	145582605	145621025	gene1047	51
1	145685798	145725614	gene1048	55
1	145716918	145774074	gene1049	43
1	145754411	145837103	gene1050	38
1	146616685	146654129	gene1051	143
1	146636930	146724700	gene1052	466
1	146704291	146777443	gene1053	343
1	147003182	147108017	gene1054	290
1	147091453	147152618	gene1055	148
1	147364946	147391393	gene1056	89
1	147390506	147475753	gene1057	73
1	149388877	149410540	gene1058	33
1	149744227	149774074	gene1059	30
1	149744245	149793928	gene1060	76
1	149774826	149795236	gene1061	45
1	149801110	149822765	gene1062	14
1	149814181	149835836	gene1063	15
1	149846010	149868232	gene1064	35
1	149848525	149868961	gene1065	33
1	149849019	149869466	gene1066	34
1	149849440	149882351	gene1067	64
1	149864870	149899434	gene1068	72
1	149885209	149910236	gene1069	46
1	149890543	149918791	gene1070	47
1	150029369	150127505	gene1071	137
1	150111373	150146916	gene1072	65
1	150180717	150218504	gene1073	60
1	150219554	150247478	gene1074	36
1	150227804	150251980	gene1075	31
1	150230600	150263327	gene1076	49
1	150244953	150269505	gene1077	53
1	150283925	150335671	gene1078	144
1	150325567	150459042	gene1079	421
1	150449887	150490078	gene1080	130
1	150470538	150496265	gene1081	69
1	150511884	150543413	gene1082	69
1	150537032	150562066	gene1083	58
1	150563327	150612088	gene1084	113
1	150608701	150679630	gene1085	200
1	150660536	150703364	gene1086	120
1	150692672	150748433	gene1087	117
1	150758684	150790799	gene1088	51
1	150772181	150859244	gene1089	136
1	150888739	150947213	gene1090	121
1	150923059	150957479	gene1091	73
1	150944493	150978110	gene1092	82
1	150959025	150990851	gene1093	81
1	150970896	151018189	gene1094	140
1	150999046	151030076	gene1095	78
1	151010216	151034462	gene1096	44
1	151013447	151052801	gene1097	84
1	151020234	151050970	gene1098	57
1	151033054	151108018	gene1099	172
1	151094161	151129104	gene1100	72
1	151119105	151142225	gene1101	27
1	151119140	151152773	gene1102	36
1	151122224	151148424	gene1103	29
1	151132462	151158760	gene1104	21
1	151132463	151177797	gene1105	47
1	151160425	151232012	gene1106	108
1	151217179	151249955	gene1107	40
1	151244094	151274656	gene1108	28
1	151254273	151310191	gene1109	56
1	151303116	151329833	gene1110	41
1	151326778	151355209	gene1111	65
1	151362010	151384420	gene1112	36
1	151365200	151441941	gene1113	135
1	151472986	151521168	gene1114	93
1	151502781	151566059	gene1115	136
1	151574541	151681567	gene1116	153
1	151664880	151699290	gene1117	58
1	151672909	151712281	gene1118	84
1	151722119	151746040	gene1119	65
1	151725445	151753808	gene1120	80
1	151732583	151773892	gene1121	113
1	151762740	151788630	gene1122	50
1	151768547	151814348	gene1123	101
1	151800295	151823033	gene1124	62
1	151809739	151836173	gene1125	74
1	151836060	151892284	gene1126	131
1	151945391	151976866	gene1127	105
1	151994982	152030383	gene1128	55
1	152046620	152071540	gene1129	23
1	152068793	152096556	gene1130	22
1	152116071	152141704	gene1131	32
1	152174558	152206669	gene1132	136
1	152264651	152307679	gene1133	160
1	152311211	152342482	gene1134	44
1	152371719	152396739	gene1135	53
1	152473320	152494653	gene1136	65
1	152476978	152498486	gene1137	64
1	152528130	152549248	gene1138	54
1	152541857	152562980	gene1139	26
1	152563138	152583562	gene1140	0
1	152576287	152596574	gene1141	64
1	152585310	152605579	gene1142	106
1	152625872	152647135	gene1143	32
1	152637771	152659050	gene1144	41
1	152637771	152669877	gene1145	93
1	152660840	152681918	gene1146	75
1	152670636	152691967	gene1147	59
1	152681998	152702905	gene1148	85
1	152720506	152744529	gene1149	57
1	152738848	152759445	gene1150	58
1	152748690	152770902	gene1151	78
1	152759227	152780657	gene1152	80
1	152767311	152789107	gene1153	65
1	152774447	152795585	gene1154	46
1	152789949	152810573	gene1155	20
1	152805344	152826459	gene1156	17
1	152840793	152867523	gene1157	26
1	152871021	152894362	gene1158	50
1	152933142	152955050	gene1159	38
1	152946557	152968289	gene1160	71
1	152964223	152986332	gene1161	162
1	152993678	153015376	gene1162	119
1	153002201	153024407	gene1163	123
1	153018589	153040013	gene1164	69
1	153032700	153123927	gene1165	294
1	153055611	153088660	gene1166	116
1	153074590	153095991	gene1167	58
1	153112058	153133345	gene1168	46
1	153165919	153187596	gene1169	80
1	153180060	153201793	gene1170	93
1	153222176	153244598	gene1171	67
1	153260338	153293194	gene1172	105
1	153292596	153331316	gene1173	183
1	153320330	153343503	gene1174	89
1	153336184	153358125	gene1175	52
1	153352508	153373664	gene1176	59
1	153379000	153405701	gene1177	50
1	153420220	153443177	gene1178	52
1	153497075	153518720	gene1179	44
1	153499623	153524241	gene1180	64
1	153506089	153532612	gene1181	64
1	153509805	153531848	gene1182	57
1	153523584	153550366	gene1183	54
1	153569362	153595621	gene1184	63
1	153576731	153599462	gene1185	47
1	153581263	153616568	gene1186	82
1	153590402	153614513	gene1187	57
1	153596525	153628782	gene1188	68
1	153621130	153644306	gene1189	38
1	153624512	153653524	gene1190	51
1	153641113	153676468	gene1191	63
1	153690543	153756555	gene1192	122
1	153736830	153762633	gene1193	47
1	153767201	153905451	gene1194	259
1	153891977	153929172	gene1195	55
1	153910145	153941101	gene1196	38
1	153921575	153950188	gene1197	35
1	153930010	153956839	gene1198	37
1	153936745	153960164	gene1199	28
1	153944127	153968834	gene1200	36
1	153953235	153974626	gene1201	31
1	153955161	154137592	gene1202	274
1	154117784	154177124	gene1203	77
1	154161848	154188809	gene1204	27
1	154169182	154203104	gene1205	35
1	154182655	154253986	gene1206	111
1	154234987	154258351	gene1207	31
1	154283566	154307801	gene1208	73
1	154288029	154333783	gene1209	126
1	154367669	154451926	gene1210	215
1	154432248	154484589	gene1211	101
1	154464695	154530623	gene1212	183
1	154511053	154541504	gene1213	63
1	154530257	154562502	gene1214	57
1	154544538	154610475	gene1215	129
1	154659931	154852756	gene1216	583
1	154887210	154919467	gene1217	69
1	154906552	154938599	gene1218	56
1	154919502	154946329	gene1219	26
1	154924774	154956871	gene1220	29
1	154937129	154961725	gene1221	27
1	154945814	154975587	gene1222	34
1	154956062	154976791	gene1223	28
1	154965127	155000998	gene1224	51
1	154980996	155016257	gene1225	57
1	154996300	155033406	gene1226	57
1	155013042	155045252	gene1227	43
1	155026207	155052029	gene1228	39
1	155026224	155070014	gene1229	74
1	155089936	155117333	gene1230	55
1	155097820	155121329	gene1231	37
1	155102367	155123071	gene1232	35
1	155131884	155155951	gene1233	44
1	155135873	155167447	gene1234	49
1	155148300	155172707	gene1235	38
1	155155379	155188842	gene1236	53
1	155168490	155193615	gene1237	39
1	155194243	155224490	gene1238	66
1	155206996	155235274	gene1239	52
1	155215770	155242221	gene1240	46
1	155222659	155258282	gene1241	59
1	155237374	155269639	gene1242	55
1	155249630	155281225	gene1243	52
1	155268539	155300457	gene1244	28
1	155280687	155310905	gene1245	27
1	155295059	155542598	gene1246	214
1	155569979	155728153	gene1247	174
1	155619237	155668791	gene1248	45
1	155647751	155718801	gene1249	87
1	155709508	155839191	gene1250	196
1	155819300	155864990	gene1251	76
1	155857599	155891195	gene1252	62
1	155872834	155914191	gene1253	60
1	155901480	155922625	gene1254	25
1	155906630	155986861	gene1255	123
1	155968839	156000750	gene1256	59
1	155995092	156033585	gene1257	56
1	156014543	156038301	gene1258	28
1	156020951	156050295	gene1259	35
1	156031804	156061789	gene1260	39
1	156042364	156119880	gene1261	175
1	156107157	156157543	gene1262	106
1	156153880	156192587	gene1263	94
1	156172773	156223123	gene1264	118
1	156172784	156222874	gene1265	116
1	156201753	156223112	gene1266	47
1	156203206	156227881	gene1267	52
1	156209015	156262620	gene1268	119
1	156242726	156272976	gene1269	65
1	156249880	156275463	gene1270	53
1	156258415	156279428	gene1271	43
1	156268759	156347664	gene1272	171
1	156297105	156326786	gene1273	55
1	156329003	156365011	gene1274	92
1	156423519	156480620	gene1275	111
1	156485197	156552396	gene1276	186
1	156539519	156566562	gene1277	100
1	156551554	156574091	gene1278	93
1	156554279	156581288	gene1279	103
1	156579086	156605517	gene1280	45
1	156601182	156639324	gene1281	71
1	156628555	156657189	gene1282	70
1	156659398	156685608	gene1283	76
1	156681683	156708591	gene1284	60
1	156688234	156716752	gene1285	54
1	156697095	156721382	gene1286	46
1	156701899	156746717	gene1287	104
1	156710402	156780607	gene1288	190
1	156766035	156796654	gene1289	75
1	156775432	156861642	gene1290	201
1	156799855	156838810	gene1291	87
1	156853490	156896226	gene1292	127
1	156880442	156912886	gene1293	89
1	156894632	157025162	gene1294	304
1	157051836	157079600	gene1295	114
1	157080983	157118266	gene1296	61
1	157473167	157532310	gene1297	211
1	157533539	157577870	gene1298	164
1	157634111	157680647	gene1299	125
1	157705523	157756922	gene1300	97
1	157754193	157799895	gene1301	100
1	157790704	157878046	gene1302	271
1	157953063	158080052	gene1303	427
1	158139737	158164686	gene1304	89
1	158213927	158238059	gene1305	66
1	158249576	158273420	gene1306	33
1	158287741	158311321	gene1307	61
1	158313254	158337343	gene1308	95
1	158358312	158379256	gene1309	118
1	158379718	158400656	gene1310	78
1	158425272	158446344	gene1311	81
1	158439668	158460675	gene1312	92
1	158506918	158527895	gene1313	75
1	158522441	158543394	gene1314	68
1	158566229	158587170	gene1315	67
1	158570496	158666488	gene1316	242
1	158659369	158680486	gene1317	48
1	158676958	158697953	gene1318	49
1	158714510	158735681	gene1319	111
1	158725466	158746492	gene1320	126
1	158736472	158757425	gene1321	93
1	158791107	158829296	gene1322	103
1	158890586	158956844	gene1323	225
1	158959758	159034945	gene1324	305
1	159022274	159126886	gene1325	201
1	159131399	159183103	gene1326	114
1	159163097	159186290	gene1327	75
1	159249504	159288014	gene1328	118
1	159273460	159294449	gene1329	57
1	159391994	159412928	gene1330	60
1	159399512	159420600	gene1331	84
1	159494793	159515842	gene1332	69
1	159547615	159568655	gene1333	90
1	159672079	159694379	gene1334	47
1	159740722	159762333	gene1335	68
1	159760301	159796041	gene1336	125
1	159786540	159817039	gene1337	92
1	159814106	159842447	gene1338	97
1	159832154	159879953	gene1339	143
1	159877897	159905522	gene1340	67
1	159886829	159925386	gene1341	112
1	159911282	159934044	gene1342	81
1	159987462	160011783	gene1343	60
1	159997257	160050038	gene1344	103
1	160041360	160070353	gene1345	67
1	160051130	160078733	gene1346	64
1	160075549	160123381	gene1347	166
1	160111360	160166767	gene1348	224
1	160150285	160181676	gene1349	71
1	160165127	160195166	gene1350	32
1	160175505	160264920	gene1351	124
1	160236602	160266138	gene1352	51
1	160249063	160323190	gene1353	133
1	160303062	160338742	gene1354	80
1	160326857	160352638	gene1355	64
1	160360376	160408468	gene1356	117
1	160444820	160503052	gene1357	178
1	160500885	160559306	gene1358	234
1	160567890	160627085	gene1359	205
1	160638536	160691641	gene1360	255
1	160699037	160734611	gene1361	68
1	160755864	160808051	gene1362	153
1	160789950	160842692	gene1363	172
1	160836329	160864960	gene1364	107
1	160904815	160934589	gene1365	99
1	160955001	161001138	gene1366	140
1	160997421	161018780	gene1367	59
1	160999041	161025767	gene1368	73
1	161006736	161049760	gene1369	95
1	161030785	161069389	gene1370	82
1	161058151	161080136	gene1371	54
1	161060346	161097901	gene1372	73
1	161077876	161105235	gene1373	44
1	161080764	161112478	gene1374	41
1	161112566	161138646	gene1375	50
1	161119240	161145513	gene1376	47
1	161126200	161157803	gene1377	47
1	161131100	161157287	gene1378	39
1	161144098	161178846	gene1379	57
1	161156894	161194185	gene1380	77
1	161175024	161200489	gene1381	55
1	161182082	161203421	gene1382	52
1	161185793	161210408	gene1383	69
1	161189456	161218092	gene1384	92
1	161218517	161265240	gene1385	187
1	161264525	161289762	gene1386	84
1	161274047	161342984	gene1387	334
1	161324521	161347664	gene1388	123
1	161465220	161503803	gene1389	138
1	161484036	161506681	gene1390	85
1	161501549	161610917	gene1391	474
1	161541101	161658444	gene1392	524
1	161541129	161585452	gene1393	174
1	161582986	161611753	gene1394	199
1	161666762	161694142	gene1395	125
1	161681353	161707933	gene1396	136
1	161709548	161737028	gene1397	107
1	161726084	161943860	gene1398	673
1	161942982	162003644	gene1399	190
1	162029564	162363321	gene1400	1219
1	162326698	162366600	gene1401	140
1	162332993	162356660	gene1402	92
1	162355056	162391928	gene1403	132
1	162457041	162509419	gene1404	132
1	162521323	162579627	gene1405	105
1	162591163	162767190	gene1406	437
1	162750492	162792607	gene1407	101
1	162784248	162848605	gene1408	287
1	163028565	163056592	gene1409	87
1	163070911	163301577	gene1410	917
1	163226366	163335554	gene1411	512
1	164514821	164878533	gene1412	1021
1	165161104	165335952	gene1413	587
1	165360159	165424433	gene1414	263
1	165503244	165543198	gene1415	179
1	165590098	165641033	gene1416	246
1	165621453	165678100	gene1417	280
1	165686032	165806992	gene1418	228
1	165786768	165890855	gene1419	206
1	166016674	166146206	gene1420	310
1	166798681	166835581	gene1421	82
1	166815747	166855564	gene1422	94
1	166872443	166954719	gene1423	157
1	166948346	167001451	gene1424	141
1	167012073	167069868	gene1425	195
1	167053282	167108402	gene1426	202
1	167180066	167406582	gene1427	438
1	167389877	167497847	gene1428	391
1	167488914	167533004	gene1429	241
1	167589330	167685486	gene1430	376
1	167680429	167771156	gene1431	271
1	167768625	167893453	gene1432	409
1	167875967	167916278	gene1433	70
1	167895021	168055081	gene1434	267
1	168043997	168116821	gene1435	159
1	168138171	168179950	gene1436	152
1	168185176	168232263	gene1437	90
1	168240278	168293664	gene1438	142
1	168500003	168523235	gene1439	107
1	168535711	168561315	gene1440	102
1	168654697	168708502	gene1441	242
1	169064935	169111960	gene1442	186
1	169091769	169347205	gene1443	1091
1	169327208	169375778	gene1444	171
1	169354108	169439907	gene1445	254
1	169423147	169465241	gene1446	110
1	169473404	169565826	gene1447	412
1	169548087	169609431	gene1448	205
1	169621245	169833221	gene1449	1020
1	169649808	169690839	gene1450	177
1	169681781	169743846	gene1451	401
1	169751670	169774107	gene1452	91
1	169808772	169873408	gene1453	206
1	169880467	170064349	gene1454	590
1	170105142	170146931	gene1455	148
1	170491270	170532587	gene1456	61
1	170621869	170718560	gene1457	201
1	170894612	171043906	gene1458	545
1	171050018	171096959	gene1459	194
1	171144347	171191822	gene1460	233
1	171207638	171265117	gene1461	171
1	171273347	171321223	gene1462	86
1	171444651	171572650	gene1463	331
1	171594557	171631823	gene1464	147
1	171659300	171721387	gene1465	233
1	171740788	171793163	gene1466	172
1	171800621	172397606	gene1467	1501
1	172329329	172423230	gene1468	224
1	172379828	172447971	gene1469	197
1	172491489	172590971	gene1470	153
1	172618154	172646014	gene1471	62
1	172999100	173030103	gene1472	72
1	173142873	173186452	gene1473	120
1	173436405	173467946	gene1474	57
1	173459603	173582233	gene1475	273
1	173568700	173649001	gene1476	89
1	173594912	173616273	gene1477	14
1	173674080	173765840	gene1478	116
1	173758688	173803858	gene1479	46
1	173783641	173837684	gene1480	74
1	173827220	173882687	gene1481	135
1	173862947	173896516	gene1482	79
1	173890352	174001435	gene1483	221
1	174118548	174974445	gene1484	1960
1	174407212	174428683	gene1485	42
1	174958300	174990851	gene1486	52
1	174969925	175002561	gene1487	62
1	175026994	175127202	gene1488	411
1	175116123	175172135	gene1489	184
1	175274330	175722906	gene1490	1398
1	175903967	176186629	gene1491	715
1	176422307	176824735	gene1492	889
1	176816438	177144109	gene1493	781
1	177130633	177261558	gene1494	261
1	177883091	177963438	gene1495	310
1	178052864	178458644	gene1496	673
1	178455031	178478769	gene1497	47
1	178472212	178527734	gene1498	157
1	178684300	178899238	gene1499	452
1	178808840	178850187	gene1500	73
1	178984939	179055697	gene1501	239
1	179040512	179077158	gene1502	106
1	179058462	179208819	gene1503	360
1	179252925	179337815	gene1504	384
1	179324855	179533870	gene1505	1293
1	179509674	179555087	gene1506	178
1	179550748	179670407	gene1507	383
1	179702298	179795333	gene1508	338
1	179799102	179856938	gene1509	118
1	179841177	179904135	gene1510	162
1	179913873	180094015	gene1511	492
1	180113969	180183165	gene1512	321
1	180189421	180259380	gene1513	266
1	180228788	180255359	gene1514	97
1	180591140	180869387	gene1515	551
1	180872290	180930750	gene1516	158
1	180931861	181002047	gene1517	155
1	180993067	181041074	gene1518	161
1	181047638	181069977	gene1519	55
1	181372238	181787219	gene1520	1122
1	182013705	182040847	gene1521	76
1	182340839	182371341	gene1522	104
1	182357252	182379751	gene1523	77
1	182409256	182539734	gene1524	421
1	182532769	182568391	gene1525	93
1	182557758	182583543	gene1526	55
1	182605239	182663711	gene1527	148
1	182748428	182809519	gene1528	134
1	182798504	182866886	gene1529	104
1	182859000	182932660	gene1530	127
1	182982595	183124727	gene1531	554
1	183145373	183224035	gene1532	286
1	183207372	183397737	gene1533	510
1	183431351	183577381	gene1534	262
1	183514698	183570011	gene1535	145
1	183582401	183614892	gene1536	234
1	183595220	183907665	gene1537	974
1	183605541	183632451	gene1538	144
1	183888796	184016863	gene1539	404
1	184010811	184053346	gene1540	62
1	184346192	184608154	gene1541	625
1	184649365	184734047	gene1542	165
1	184749858	184953682	gene1543	452
1	185004496	185081740	gene1544	90
1	185077220	185136204	gene1545	90
1	185116212	185270897	gene1546	205
1	185255520	185296461	gene1547	48
1	185693683	186170085	gene1548	814
1	186255405	186293694	gene1549	72
1	186270784	186354825	gene1550	193
1	186334890	186400510	gene1551	131
1	186402698	186440254	gene1552	64
1	186630923	186659559	gene1553	109
1	186788085	186968113	gene1554	585
1	190056792	190456759	gene1555	781
1	192117587	192164945	gene1556	77
1	192276122	192346415	gene1557	175
1	192534857	192559161	gene1558	88
1	192595275	192639390	gene1559	122
1	192768169	192791403	gene1560	49
1	192971380	193039237	gene1561	105
1	193018552	193070907	gene1562	87
1	193055598	193085244	gene1563	61
1	193081147	193233031	gene1564	358
1	193138175	193165784	gene1565	60
1	196184909	196588355	gene1566	703
1	196611008	196726634	gene1567	276
1	196733925	196773203	gene1568	238
1	196778887	196811319	gene1569	164
1	196778898	196938356	gene1570	518
1	196809371	196898102	gene1571	269
1	196936667	196988804	gene1572	100
1	196998321	197046397	gene1573	106
1	197043258	197125824	gene1574	145
1	197112810	197179672	gene1575	113
1	197160592	197457585	gene1576	465
1	197463878	197754826	gene1577	395
1	197861777	197886497	gene1578	49
1	197871037	197914608	gene1579	102
1	198116093	198301550	gene1580	595
1	198482352	198520075	gene1581	95
1	198597801	198736545	gene1582	394
1	199986730	200156552	gene1583	616
1	200364068	200389184	gene1584	40
1	200510628	200599862	gene1585	351
1	200583024	200649097	gene1586	241
1	200698686	200839832	gene1587	389
1	200832083	200853306	gene1588	85
1	200850176	200894863	gene1589	152
1	200928520	201002828	gene1590	199
1	200998642	201091694	gene1591	332
1	201073081	201106312	gene1592	137
1	201093900	201150702	gene1593	228
1	201149953	201208080	gene1594	249
1	201242580	201312121	gene1595	290
1	201318136	201356890	gene1596	147
1	201332372	201378736	gene1597	168
1	201363625	201408994	gene1598	116
1	201424620	201448365	gene1599	89
1	201442658	201488584	gene1600	195
1	201582411	201806102	gene1601	556
1	201788269	201863422	gene1602	137
1	201847808	201871434	gene1603	40
1	201855580	201925715	gene1604	170
1	201914619	201949789	gene1605	116
1	201941500	201985275	gene1606	211
1	201967073	201996316	gene1607	99
1	202081986	202112720	gene1608	108
1	202092532	202123869	gene1609	88
1	202106141	202140716	gene1610	127
1	202153029	202298909	gene1611	397
1	202290785	202321108	gene1612	45
1	202307827	202571834	gene1613	383
1	202549724	202689545	gene1614	346
1	202686526	202788598	gene1615	285
1	202838085	202868263	gene1616	74
1	202850228	202907764	gene1617	155
1	202899951	202937700	gene1618	117
1	202920997	202946408	gene1619	62
1	202966514	203003976	gene1620	89
1	202985626	203057868	gene1621	216
1	203042260	203065164	gene1622	58
1	203049782	203146533	gene1623	218
1	203126939	203154941	gene1624	96
1	203138059	203165877	gene1625	88
1	203171955	203252769	gene1626	254
1	203264619	203288730	gene1627	67
1	203299756	203330617	gene1628	108
1	203434956	203470480	gene1629	106
1	203453271	203487992	gene1630	123
1	203585689	203723209	gene1631	330
1	203724304	203755361	gene1632	110
1	203754782	203833252	gene1633	259
1	203755437	203779686	gene1634	84
1	203820731	203849678	gene1635	105
1	204032243	204106863	gene1636	198
1	204090190	204131307	gene1637	124
1	204113944	204145465	gene1638	110
1	204149469	204175614	gene1639	86
1	204157288	204193220	gene1640	117
1	204177979	204356793	gene1641	578
1	204362515	204390919	gene1642	64
1	204381756	204473852	gene1643	215
1	204475511	204552871	gene1644	169
1	204576298	204664861	gene1645	226
1	204787779	205001950	gene1646	632
1	205002325	205057627	gene1647	187
1	205042258	205063645	gene1648	66
1	205045270	205101143	gene1649	163
1	205101632	205190727	gene1650	218
1	205187304	205252471	gene1651	183
1	205261187	205300883	gene1652	126
1	205295220	205336218	gene1653	191
1	205340506	205435082	gene1654	288
1	205463723	205511921	gene1655	225
1	205528013	205582046	gene1656	188
1	205567071	205611090	gene1657	132
1	205616979	205659587	gene1658	147
1	205671947	205729404	gene1659	145
1	205727114	205754588	gene1660	98
1	205748221	205792876	gene1661	128
1	205787150	205829260	gene1662	114
1	205872176	205922588	gene1663	184
1	206126916	206165151	gene1664	21
1	206213976	206241639	gene1665	122
1	206307459	206342104	gene1666	33
1	206734620	206795904	gene1667	194
1	206798881	206867764	gene1668	168
1	206848289	206917628	gene1669	180
1	206930947	206955839	gene1670	71
1	206962215	207026324	gene1671	166
1	207028699	207052568	gene1672	38
1	207060788	207087484	gene1673	60
1	207067731	207106592	gene1674	72
1	207091863	207129811	gene1675	64
1	207121310	207153970	gene1676	66
1	207181866	207216101	gene1677	57
1	207207194	207236325	gene1678	34
1	207212801	207264369	gene1679	74
1	207252187	207283338	gene1680	63
1	207267607	207328317	gene1681	163
1	207484853	207544311	gene1682	122
1	207617575	207673240	gene1683	146
1	207659492	207823992	gene1684	353
1	207808458	207921761	gene1685	478
1	207915402	207978858	gene1686	158
1	208047594	208094747	gene1687	162
1	208185587	208427665	gene1688	714
1	209747062	209797283	gene1689	182
1	209778215	209835811	gene1690	236
1	209838765	209859733	gene1691	48
1	209849510	209918295	gene1692	148
1	209919377	209965668	gene1693	134
1	209945661	209967904	gene1694	55
1	209949036	209989465	gene1695	137
1	209991352	210040910	gene1696	171
1	210101538	210347636	gene1697	440
1	210396144	210429976	gene1698	59
1	210491596	210859638	gene1699	1479
1	210846555	211317457	gene1700	1604
1	211421719	211499727	gene1701	237
1	211489957	211558288	gene1702	167
1	211639864	211676259	gene1703	128
1	211734910	211762084	gene1704	66
1	211826114	211858960	gene1705	101
1	211906799	212014114	gene1706	358
1	212103741	212218884	gene1707	424
1	212198919	212290742	gene1708	291
1	212448879	212545200	gene1709	246
1	212527273	212598243	gene1710	185
1	212596229	212629714	gene1711	117
1	212728676	212804119	gene1712	262
1	212787789	212810120	gene1713	51
1	212849760	212883327	gene1714	123
1	212889495	212975124	gene1715	410
1	212955170	212999968	gene1716	207
1	212993483	213030991	gene1717	205
1	213021597	213082705	gene1718	376
1	213113862	213175379	gene1719	149
1	213155524	213199168	gene1720	69
1	213214589	213458116	gene1721	321
1	214146524	214224595	gene1722	199
1	214444445	214520474	gene1723	236
1	214512039	214735792	gene1724	846
1	214766538	214847931	gene1725	301
1	215169118	215420436	gene1726	823
1	215730735	215805149	gene1727	50
1	215786236	216606738	gene1728	2401
1	216666588	217321097	gene1729	2277
1	217590334	217814424	gene1730	648
1	217794666	218055038	gene1731	800
1	218448629	218521325	gene1732	126
1	218509577	218627961	gene1733	257
1	219337186	219396207	gene1734	96
1	219772859	219796462	gene1735	87
1	219848769	220141989	gene1736	1095
1	220131943	220230000	gene1737	350
1	220220824	220273804	gene1738	129
1	220257444	220331380	gene1739	164
1	220311635	220455796	gene1740	296
1	220691568	220847803	gene1741	208
1	220853187	220882499	gene1742	139
1	220911567	220968150	gene1743	216
1	220950101	220997735	gene1744	192
1	221041699	221068401	gene1745	79
1	221864766	221925518	gene1746	143
1	222685602	222731445	gene1747	159
1	222721244	222773275	gene1748	129
1	222781428	222851354	gene1749	166
1	222831355	222896552	gene1750	112
1	222875895	222918538	gene1751	65
1	222900549	222934147	gene1752	51
1	222978406	223189337	gene1753	647
1	223272748	223326624	gene1754	197
1	223384161	223547544	gene1755	363
1	223556715	223578812	gene1756	58
1	223701349	223863436	gene1757	394
1	223879295	223973720	gene1758	295
1	223957601	224043674	gene1759	194
1	224291789	224359749	gene1760	174
1	224353458	224391143	gene1761	113
1	224405036	224528089	gene1762	256
1	224534552	224577161	gene1763	91
1	224562845	224634735	gene1764	119
1	224612362	224938251	gene1765	846
1	225073964	225596996	gene1766	1711
1	225579204	225626627	gene1767	137
1	225664537	225850844	gene1768	434
1	225955531	225988168	gene1769	130
1	225987794	226043260	gene1770	242
1	226023237	226080069	gene1771	209
1	226063982	226109082	gene1772	156
1	226097578	226121978	gene1773	46
1	226114298	226139189	gene1774	46
1	226160403	226197032	gene1775	65
1	226239552	226269702	gene1776	44
1	226322380	226384431	gene1777	148
1	226401319	226424755	gene1778	46
1	226408850	226507570	gene1779	154
1	226538392	226605780	gene1780	203
1	226726501	226806915	gene1781	236
1	226809391	226937024	gene1782	244
1	227047885	227093806	gene1783	126
1	227075237	227185246	gene1784	319
1	227167566	227516175	gene1785	1796
1	227741244	227875144	gene1786	341
1	227906240	227978927	gene1787	190
1	227908126	227933112	gene1788	53
1	227993394	228044171	gene1789	185
1	228096357	228145599	gene1790	139
1	228184752	228258961	gene1791	140
1	228260361	228296912	gene1792	49
1	228278427	228303112	gene1793	36
1	228284380	228307013	gene1794	31
1	228317663	228346685	gene1795	34
1	228327553	228357527	gene1796	38
1	228343516	228379958	gene1797	58
1	228385831	228576577	gene1798	549
1	228571374	228604541	gene1799	63
1	228585641	228614562	gene1800	53
1	228602546	228623026	gene1801	46
1	228635065	228655560	gene1802	29
1	228635808	228656259	gene1803	32
1	228664762	228693467	gene1804	64
1	228860824	228892416	gene1805	97
1	229396822	229451641	gene1806	108
1	229446758	229489041	gene1807	108
1	229556992	229579845	gene1808	61
1	229567045	229654103	gene1809	179
1	229642329	229704442	gene1810	99
1	229718858	229771794	gene1811	126
1	229751981	229805946	gene1812	131
1	230183536	230427870	gene1813	974
1	230447392	230571475	gene1814	512
1	230768235	230839728	gene1815	251
1	230828269	230860043	gene1816	157
1	230873130	230947749	gene1817	352
1	230962865	231015335	gene1818	163
1	231031989	231124621	gene1819	332
1	231104727	231146341	gene1820	154
1	231144704	231185992	gene1821	199
1	231287858	231367302	gene1822	257
1	231349509	231386933	gene1823	101
1	231366953	231423719	gene1824	131
1	231458480	231483598	gene1825	49
1	231462850	231500769	gene1826	84
1	231489497	231570790	gene1827	330
1	231654399	231712270	gene1828	83
1	231654399	231964990	gene1829	729
1	231752561	232187018	gene1830	1281
1	232523711	232707304	gene1831	550
1	232930643	232956092	gene1832	77
1	233076351	233129628	gene1833	142
1	233109181	233441459	gene1834	1207
1	233453514	233530894	gene1835	307
1	233739750	233818258	gene1836	294
1	234030679	234470262	gene1837	1715
1	234499202	234529795	gene1838	105
1	234517059	234624849	gene1839	497
1	234730015	234755271	gene1840	89
1	235262651	235302251	gene1841	86
1	235284498	235334772	gene1842	115
1	235284949	235501534	gene1843	534
1	235480665	235517847	gene1844	98
1	235603238	235677781	gene1845	183
1	235700987	235824054	gene1846	443
1	235814341	236056940	gene1847	354
1	236129130	236238462	gene1848	357
1	236295832	236395165	gene1849	340
1	236368855	236455319	gene1850	413
1	236501562	236658214	gene1851	758
1	236671300	236726281	gene1852	375
1	236702305	236777804	gene1853	502
1	236839754	236937931	gene1854	387
1	236948610	237077281	gene1855	347
1	237157403	237177718	gene1856	64
1	237195505	238007288	gene1857	3043
1	238035705	238064094	gene1858	98
1	239539865	240088750	gene1859	1497
1	240167648	240648489	gene1860	1882
1	240642873	240785449	gene1861	472
1	240921554	241530530	gene1862	2142
1	241650903	241693061	gene1863	82
1	241685434	241768944	gene1864	266
1	241743404	241850678	gene1865	353
1	241782155	241809232	gene1866	89
1	241805580	241975435	gene1867	655
1	242001269	242068450	gene1868	302
1	242111039	242132364	gene1869	191
1	242148792	242172375	gene1870	138
1	242236288	242697998	gene1871	1887
1	243277730	243428650	gene1872	282
1	243409320	243673394	gene1873	491
1	243641535	244024381	gene1874	580
1	244204585	244230778	gene1875	36
1	244505937	244562965	gene1876	270
1	244561796	244625436	gene1877	161
1	244607679	244814479	gene1878	699
1	244806237	244882335	gene1879	204
1	244988624	245018359	gene1880	81
1	245004468	245037844	gene1881	69
1	245123007	245300466	gene1882	557
1	245308287	245882733	gene1883	2362
1	245902642	246680614	gene1884	3740
1	246693862	246739626	gene1885	248
1	246719746	246841886	gene1886	397
1	246877349	246941439	gene1887	252
1	246992400	247105280	gene1888	296
1	247098849	247181395	gene1889	385
1	247098849	247252113	gene1890	795
1	247253264	247277674	gene1891	119
1	247275277	247345318	gene1892	292
1	247409374	247430445	gene1893	85
1	247450714	247505148	gene1894	134
1	247569458	247622410	gene1895	310
1	247604255	247625308	gene1896	182
1	247660360	247750992	gene1897	289
1	247683434	247707141	gene1898	87
1	247741662	247762615	gene1899	81
1	247758856	247779838	gene1900	54
1	247772945	247793872	gene1901	63
1	247825320	247846365	gene1902	130
1	247865045	247886105	gene1903	60
1	247876401	247897345	gene1904	48
1	247891917	247912861	gene1905	56
1	247910676	247931982	gene1906	78
1	247928212	247949138	gene1907	110
1	247968102	247989031	gene1908	141
1	247994199	248015254	gene1909	107
1	248010501	248051507	gene1910	225
1	248021277	248070449	gene1911	262
1	248074320	248095258	gene1912	87
1	248087071	248108057	gene1913	58
1	248090493	248274224	gene1914	672
1	248118535	248139641	gene1915	169
1	248175250	248196188	gene1916	58
1	248191474	248212607	gene1917	40
1	248213984	248234922	gene1918	60
1	248298450	248319388	gene1919	51
1	248333288	248354331	gene1920	129
1	248356332	248377392	gene1921	74
1	248392231	248413166	gene1922	32
1	248426073	248447138	gene1923	72
1	248447918	248468880	gene1924	92
1	248476894	248497899	gene1925	99
1	248502077	248523015	gene1926	156
1	248514883	248535929	gene1927	143
1	248540910	248561836	gene1928	130
1	248559296	248580405	gene1929	128
1	248594508	248615434	gene1930	96
1	248606077	248627130	gene1931	49
1	248626627	248647634	gene1932	103
1	248641885	248662898	gene1933	37
1	248674916	248695964	gene1934	41
1	248711784	248732797	gene1935	81
1	248727022	248748080	gene1936	88
1	248746052	248767100	gene1937	47
1	248791588	248812559	gene1938	109
1	248803232	248824185	gene1939	145
1	248834628	248855629	gene1940	100
1	249094648	249130832	gene1941	94
1	249122409	249153716	gene1942	61
1	249134205	249163343	gene1943	40
1	249190395	249224145	gene1944	71
